Team_1,Team_2,Winner,Ground,1
Bangladesh ,Pakistan,Bangladesh ,Shere Bangla National Stadium,2
Bangladesh ,Pakistan,Bangladesh ,Shere Bangla National Stadium,3
Bangladesh ,Pakistan,Bangladesh ,Shere Bangla National Stadium,4
Ireland ,England,No result,The Village,5
Pakistan ,Zimbabwe,Pakistan ,Gaddafi Stadium,6
Pakistan ,Zimbabwe,Pakistan ,Gaddafi Stadium,7
Pakistan ,Zimbabwe,No result,Gaddafi Stadium,8
England ,New Zealand,England ,Edgbaston,9
England,New Zealand,New Zealand ,Kennington Oval,10
England ,New Zealand,New Zealand ,The Rose Bowl,11
England ,New Zealand,England,Trent Bridge,12
Bangladesh,India,Bangladesh ,Shere Bangla National Stadium,13
England ,New Zealand,England,Riverside Ground,14
Bangladesh ,India,Bangladesh ,Shere Bangla National Stadium,15
Bangladesh ,India,India,Shere Bangla National Stadium,16
Bangladesh ,South Africa,South Africa,Shere Bangla National Stadium,17
Zimbabwe ,India,India,Harare Sports Club,18
Sri Lanka ,Pakistan,Pakistan,Rangiri Dambulla International Stadium,19
Bangladesh ,South Africa,Bangladesh ,Shere Bangla National Stadium,20
Zimbabwe ,India,India,Harare Sports Club,21
Zimbabwe ,India,India,Harare Sports Club,22
Sri Lanka ,Pakistan,Sri Lanka ,Pallekele International Cricket Stadium,23
Bangladesh ,South Africa,Bangladesh,Zahur Ahmed Chowdhury Stadium,24
Sri Lanka ,Pakistan,Pakistan,R Premadasa Stadium,25
Sri Lanka ,Pakistan,Pakistan,R Premadasa Stadium,26
Sri Lanka ,Pakistan,Sri Lanka,Mahinda Rajapaksha International Cricket Stadium,27
Zimbabwe ,New Zealand,Zimbabwe ,Harare Sports Club,28
Zimbabwe ,New Zealand,New Zealand,Harare Sports Club,29
Zimbabwe ,New Zealand,New Zealand,Harare Sports Club,30
South Africa,New Zealand,South Africa,SuperSport Park,31
South Africa ,New Zealand,New Zealand ,Senwes Park,32
South Africa ,New Zealand,South Africa,Kingsmead,33
Ireland ,Australia,Australia ,Civil Service Cricket Club,34
England ,Australia,Australia ,The Rose Bowl,35
England ,Australia,Australia ,Lord's,36
England,Australia,England,Old Trafford,37
England ,Australia,England,Headingley,38
England ,Australia,Australia,Old Trafford,39
Zimbabwe ,Pakistan,Pakistan,Harare Sports Club,40
Zimbabwe ,Pakistan,Zimbabwe,Harare Sports Club,41
Zimbabwe ,Pakistan,Pakistan,Harare Sports Club,42
India ,South Africa,India ,Holkar Cricket Stadium,43
Zimbabwe ,Afghanistan,Zimbabwe,Queens Sports Club,44
Zimbabwe,Afghanistan,Afghanistan ,Queens Sports Club,45
India ,South Africa,South Africa,Saurashtra Cricket Association Stadium,46
Zimbabwe ,Afghanistan,Zimbabwe,Queens Sports Club,47
India ,South Africa,India,MA Chidambaram Stadium,48
Zimbabwe ,Afghanistan,Afghanistan,Queens Sports Club,49
Zimbabwe ,Afghanistan,Afghanistan,Queens Sports Club,50
India ,South Africa,South Africa,Wankhede Stadium,51
Sri Lanka ,West Indies,Sri Lanka,R Premadasa Stadium,52
Sri Lanka ,West Indies,Sri Lanka,R Premadasa Stadium,53
Bangladesh ,Zimbabwe,Bangladesh ,Shere Bangla National Stadium,54
Sri Lanka,West Indies,Sri Lanka,Pallekele International Cricket Stadium,55
Bangladesh ,Zimbabwe,Bangladesh ,Shere Bangla National Stadium,56
Pakistan ,England,Pakistan,Sheikh Zayed Stadium,57
Bangladesh,Zimbabwe,Bangladesh,Shere Bangla National Stadium,58
Pakistan ,England,England ,Sheikh Zayed Stadium,59
Pakistan ,England,England ,Sharjah Cricket Stadium,60
Pakistan,England,England,Dubai International Cricket Stadium,61
Afghanistan ,Zimbabwe,Afghanistan,Sharjah Cricket Stadium,62
New Zealand ,Sri Lanka,New Zealand,Hagley Oval,63
New Zealand ,Sri Lanka,New Zealand,Hagley Oval,64
Afghanistan ,Zimbabwe,Afghanistan,Sharjah Cricket Stadium,65
New Zealand ,Sri Lanka,Sri Lanka ,Saxton Oval,66
Afghanistan ,Zimbabwe,Zimbabwe,Sharjah Cricket Stadium,67
New Zealand ,Sri Lanka,No result,Saxton Oval,68
Afghanistan ,Zimbabwe,Zimbabwe,Sharjah Cricket Stadium,69
New Zealand ,Sri Lanka,New Zealand,Bay Oval,70
Afghanistan ,Zimbabwe,Afghanistan,Sharjah Cricket Stadium,71
Australia ,India,Australia,WACA Ground,72
Australia ,India,Australia,Brisbane Cricket Ground,73
Australia ,India,Australia,Manuka Oval,74
Australia ,India,India,Sydney Cricket Ground,75
New Zealand ,Pakistan,New Zealand,Basin Reserve,76
New Zealand ,Pakistan,Match abandoned,McLean Park,77
New Zealand,Pakistan,New Zealand,Eden Park,78
New Zealand ,Australia,New Zealand,Eden Park,79
South Africa ,England,England,Mangaung Oval,80
New Zealand ,Australia,Australia,Sky Stadium,81
South Africa ,England,England,St George's Park,82
New Zealand,Australia,New Zealand,Seddon Park,83
South Africa ,England,South Africa,SuperSport Park,84
South Africa ,England,South Africa,Wanderers Stadium,85
South Africa ,England,South Africa,Newlands,86
West Indies ,Australia,Australia,Providence Stadium,87
Australia ,South Africa,South Africa,Providence Stadium,88
Zimbabwe,India,India,Harare Sports Club,89
Australia,South Africa,Australia,Warner Park,90
Zimbabwe ,India,India,Harare Sports Club,91
West Indies ,Australia,West Indies,Warner Park,92
Zimbabwe ,India,India,Harare Sports Club,93
West Indies ,South Africa,South Africa,Warner Park,94
Ireland ,Sri Lanka,Sri Lanka,The Village,95
Ireland ,Sri Lanka,Sri Lanka,The Village,96
Australia ,South Africa,No result,Kensington Oval,97
England ,Sri Lanka,Match Tied,Trent Bridge,98
West Indies ,Australia,Australia,Kensington Oval,99
England ,Sri Lanka,England,Edgbaston,100
West Indies ,South Africa,West Indies,Kensington Oval,101
England,Sri Lanka,No result,County Ground (Bristol),102
West Indies ,Australia,Australia,Kensington Oval,103
England ,Sri Lanka,England,Kennington Oval,104
England ,Sri Lanka,England,Sophia Gardens,105
Scotland ,Afghanistan,No result,Grange Cricket Club,106
Scotland ,Afghanistan,Afghanistan,Grange Cricket Club,107
Ireland,Afghanistan,Match abandoned,Civil Service Cricket Club,108
Ireland,Afghanistan,Afghanistan,Civil Service Cricket Club,109
Ireland,Afghanistan,Ireland,Civil Service Cricket Club,110
Ireland ,Afghanistan,Afghanistan,Civil Service Cricket Club,111
Ireland ,Afghanistan,Ireland,Civil Service Cricket Club,112
Ireland ,Pakistan,Pakistan,The Village,113
Ireland ,Pakistan,Match abandoned,The Village,114
Sri Lanka ,Australia,Australia,R Premadasa Stadium,115
England ,Pakistan,England,The Rose Bowl,116
Sri Lanka ,Australia,Sri Lanka,R Premadasa Stadium,117
England ,Pakistan,England,Lord's,118
Sri Lanka ,Australia,Australia,Rangiri Dambulla International Stadium,119
England ,Pakistan,England,Trent Bridge,120
Sri Lanka ,Australia,Australia,Rangiri Dambulla International Stadium,121
England ,Pakistan,England,Headingley,122
England ,Pakistan,Pakistan,Sophia Gardens,123
Sri Lanka ,Australia,Australia,Pallekele International Cricket Stadium,124
Bangladesh ,Afghanistan,Bangladesh,Shere Bangla National Stadium,125
South Africa ,Ireland,South Africa,Willowmoore Park,126
Australia ,Ireland,Australia,Willowmoore Park,127
Bangladesh ,Afghanistan,Afghanistan,Shere Bangla National Stadium,128
Pakistan ,West Indies,Pakistan,Sharjah Cricket Stadium,129
South Africa ,Australia,South Africa,SuperSport Park,130
Bangladesh ,Afghanistan,Bangladesh,Shere Bangla National Stadium,131
Pakistan ,West Indies,Pakistan,Sharjah Cricket Stadium,132
South Africa ,Australia,South Africa,Wanderers Stadium,133
Pakistan ,West Indies,Pakistan,Sheikh Zayed Stadium,134
South Africa ,Australia,South Africa,Kingsmead,135
Bangladesh ,England,England,Shere Bangla National Stadium,136
South Africa ,Australia,South Africa,St George's Park,137
Bangladesh ,England,Bangladesh,Shere Bangla National Stadium,138
Bangladesh ,England,England,Zahur Ahmed Chowdhury Stadium,139
South Africa ,Australia,South Africa,Newlands,140
India ,New Zealand,India,Himachal Pradesh Cricket Association Stadium,141
India ,New Zealand,New Zealand,Arun Jaitley Stadium,142
India,New Zealand,India,Punjab Cricket Association IS Bindra Stadium,143
India ,New Zealand,New Zealand,JSCA International Stadium Complex,144
India ,New Zealand,India,Dr YS Rajasekhara Reddy Cricket Stadium,145
Zimbabwe ,Sri Lanka,Sri Lanka,Harare Sports Club,146
Sri Lanka ,West Indies,West Indies,Harare Sports Club,147
Zimbabwe ,West Indies,Match Tied,Queens Sports Club,148
Zimbabwe ,Sri Lanka,No result,Queens Sports Club,149
Sri Lanka ,West Indies,Sri Lanka,Queens Sports Club,150
Zimbabwe,West Indies,Zimbabwe,Queens Sports Club,151
Zimbabwe,Sri Lanka,Sri Lanka,Queens Sports Club,152
Australia ,New Zealand,Australia,Sydney Cricket Ground,153
Australia ,New Zealand,Australia,Manuka Oval,154
Australia ,New Zealand,Australia,Melbourne Cricket Ground,155
New Zealand,Bangladesh,New Zealand,Hagley Oval,156
New Zealand ,Bangladesh,New Zealand,Saxton Oval,157
New Zealand ,Bangladesh,New Zealand,Saxton Oval,158
Australia ,Pakistan,Australia ,Brisbane Cricket Ground,159
India, England,India ,Maharashtra Cricket Association Stadium,160
Australia ,Pakistan,Pakistan,Melbourne Cricket Ground,161
India , England,India ,Barabati Stadium,162
Australia, Pakistan,Australia,WACA Ground,163
India,England,England ,Eden Gardens,164
Australia,Pakistan,Australia,Sydney Cricket Ground,165
Australia, Pakistan,Australia,Adelaide Oval,166
South Africa ,Sri Lanka,South Africa ,St George's Park,167
New Zealand, Australia,New Zealand ,Eden Park,168
South Africa,Sri Lanka,South Africa ,Kingsmead,169
New Zealand ,Australia,Match abandoned,McLean Park,170
South Africa,Sri Lanka,South Africa ,Wanderers Stadium,171
New Zealand , Australia,New Zealand,Seddon Park,172
South Africa, Sri Lanka,South Africa,Newlands,173
South Africa ,Sri Lanka,South Africa ,SuperSport Park,174
Zimbabwe, Afghanistan,Afghanistan ,Harare Sports Club,175
New Zealand,South Africa,South Africa ,Seddon Park,176
Zimbabwe , Afghanistan,Afghanistan,Harare Sports Club,177
Zimbabwe, Afghanistan,Zimbabwe ,Harare Sports Club,178
New Zealand ,South Africa,New Zealand ,Hagley Oval,179
Zimbabwe ,Afghanistan,Zimbabwe ,Harare Sports Club,180
New Zealand ,South Africa,South Africa ,Sky Stadium,181
Zimbabwe,Afghanistan,Afghanistan ,Harare Sports Club,182
New Zealand ,South Africa,New Zealand ,Seddon Park,183
West Indies ,England,England ,Sir Vivian Richards Stadium,184
New Zealand ,South Africa,South Africa ,Eden Park,185
West Indies ,England,England ,Sir Vivian Richards Stadium,186
West Indies ,England,England,Kensington Oval,187
Afghanistan,Ireland,Afghanistan,Greater Noida Sports Complex Ground,188
Afghanistan,Ireland,Afghanistan,Greater Noida Sports Complex Ground,189
Afghanistan ,Ireland,Ireland ,Greater Noida Sports Complex Ground,190
Afghanistan,Ireland,Ireland ,Greater Noida Sports Complex Ground,191
Afghanistan ,Ireland,Afghanistan ,Greater Noida Sports Complex Ground,192
Sri Lanka ,Bangladesh,Bangladesh ,Rangiri Dambulla International Stadium,193
Sri Lanka,Bangladesh,No result,Rangiri Dambulla International Stadium,194
Sri Lanka ,Bangladesh,Sri Lanka,Sinhalese Sports Club Ground,195
West Indies,Pakistan,West Indies ,Providence Stadium,196
West Indies ,Pakistan,Pakistan ,Providence Stadium,197
West Indies ,Pakistan,Pakistan ,Providence Stadium,198
England,Ireland,England ,County Ground (Bristol),199
England,Ireland,England ,Lord's,200
Ireland,Bangladesh,No result,The Village,201
Ireland ,New Zealand,New Zealand,The Village,202
Bangladesh,New Zealand,New Zealand ,Castle Avenue,203
Ireland,Bangladesh,Bangladesh ,The Village,204
Ireland ,New Zealand,New Zealand ,The Village,205
England ,South Africa,England ,Headingley,206
Bangladesh ,New Zealand,Bangladesh ,Castle Avenue,207
England ,South Africa,England ,The Rose Bowl,208
England ,South Africa,South Africa ,Lord's,209
England ,Bangladesh,England,Kennington Oval,210
Australia ,New Zealand,No result,Edgbaston,211
Sri Lanka ,South Africa,South Africa ,Kennington Oval,212
India ,Pakistan,India ,Edgbaston,213
Australia ,Bangladesh,No result,Kennington Oval,214
England ,New Zealand,England,Sophia Gardens,215
Pakistan ,South Africa,Pakistan,Edgbaston,216
India ,Sri Lanka,Sri Lanka ,Kennington Oval,217
West Indies,Afghanistan,Afghanistan,Daren Sammy National Cricket Stadium,218
New Zealand ,Bangladesh,Bangladesh ,Sophia Gardens,219
England ,Australia,England ,Edgbaston,220
West Indies ,Afghanistan,West Indies ,Daren Sammy National Cricket Stadium,221
India ,South Africa,India ,Kennington Oval,222
Sri Lanka,Pakistan,Pakistan ,Sophia Gardens,223
West Indies, Afghanistan,No result,Daren Sammy National Cricket Stadium,224
England ,Pakistan,Pakistan ,Sophia Gardens,225
Bangladesh,India,India ,Edgbaston,226
India,Pakistan,Pakistan ,Kennington Oval,227
West Indies ,India,No result,Queen's Park Oval,228
West Indies ,India,India ,Queen's Park Oval,229
Sri Lanka ,Zimbabwe,Zimbabwe ,Galle International Stadium,230
West Indies,India,India ,Sir Vivian Richards Stadium,231
Sri Lanka ,Zimbabwe,Sri Lanka ,Galle International Stadium,232
West Indies,India,West Indies ,Sir Vivian Richards Stadium,233
Sri Lanka ,Zimbabwe,Sri Lanka ,Mahinda Rajapaksha International Cricket Stadium,234
West Indies ,India,India ,Sabina Park,235
Sri Lanka ,Zimbabwe,Zimbabwe ,Mahinda Rajapaksha International Cricket Stadium,236
Sri Lanka ,Zimbabwe,Zimbabwe ,Mahinda Rajapaksha International Cricket Stadium,237
Sri Lanka ,India,India ,Rangiri Dambulla International Stadium,238
Sri Lanka ,India,India ,Pallekele International Cricket Stadium,239
Sri Lanka ,India,India ,Pallekele International Cricket Stadium,240
Sri Lanka ,India,India ,R Premadasa Stadium,241
Sri Lanka,India,India ,R Premadasa Stadium,242
India ,Australia,India ,MA Chidambaram Stadium,243
England ,West Indies,England ,Old Trafford,244
England , West Indies,No result,Trent Bridge,245
India,Australia,India ,Eden Gardens,246
England,West Indies,England ,County Ground (Bristol),247
India,Australia,India ,Holkar Cricket Stadium,248
England ,West Indies,England ,Kennington Oval,249
India ,Australia,Australia ,M Chinnaswamy Stadium,250
England,West Indies,England ,The Rose Bowl,251
India,Australia,India ,Vidarbha Cricket Association Stadium,252
Pakistan ,Sri Lanka,Pakistan ,Dubai International Cricket Stadium,253
South Africa ,Bangladesh,South Africa ,Diamond Oval,254
Pakistan ,Sri Lanka,Pakistan ,Sheikh Zayed Stadium,255
South Africa ,Bangladesh,South Africa ,Boland Park,256
Pakistan ,Sri Lanka,Pakistan ,Sheikh Zayed Stadium,257
Pakistan ,Sri Lanka,Pakistan ,Sharjah Cricket Stadium,258
India ,New Zealand,New Zealand ,Wankhede Stadium,259
South Africa ,Bangladesh,South Africa,Buffalo Park,260
Pakistan ,Sri Lanka,Pakistan ,Sharjah Cricket Stadium,261
India ,New Zealand,India ,Maharashtra Cricket Association Stadium,262
India ,New Zealand,India ,Green Park,263
Afghanistan,Ireland,Afghanistan ,Sharjah Cricket Stadium,264
Afghanistan ,Ireland,Ireland ,Sharjah Cricket Stadium,265
India ,Sri Lanka,Sri Lanka ,Himachal Pradesh Cricket Association Stadium,266
Afghanistan ,Ireland,Ireland ,Sharjah Cricket Stadium,267
India ,Sri Lanka,India ,Punjab Cricket Association IS Bindra Stadium,268
India ,Sri Lanka,India ,Dr YS Rajasekhara Reddy Cricket Stadium,269
New Zealand, West Indies,New Zealand ,Cobham Oval (New),270
New Zealand ,West Indies,New Zealand ,Hagley Oval,271
New Zealand ,West Indies,New Zealand ,Hagley Oval,272
New Zealand,Pakistan,New Zealand,Basin Reserve,273
New Zealand ,Pakistan,New Zealand,Saxton Oval,274
New Zealand ,Pakistan,New Zealand,University Oval,275
Australia ,England,England,Melbourne Cricket Ground,276
Bangladesh ,Zimbabwe,Bangladesh,Shere Bangla National Stadium,277
New Zealand ,Pakistan,New Zealand,Seddon Park,278
Sri Lanka ,Zimbabwe,Zimbabwe,Shere Bangla National Stadium,279
Australia ,England,England,Brisbane Cricket Ground,280
New Zealand ,Pakistan,New Zealand,Basin Reserve,281
Bangladesh ,Sri Lanka,Bangladesh,Shere Bangla National Stadium,282
Australia ,England,England,Sydney Cricket Ground,283
Sri Lanka ,Zimbabwe,Sri Lanka,Shere Bangla National Stadium,284
Bangladesh ,Zimbabwe,Bangladesh,Shere Bangla National Stadium,285
Bangladesh ,Sri Lanka,Sri Lanka,Shere Bangla National Stadium,286
Australia,England,Australia,Adelaide Oval,287
Bangladesh ,Sri Lanka,Sri Lanka,Shere Bangla National Stadium,288
Australia ,England,England,Perth Stadium,289
South Africa ,India,India,Kingsmead,290
South Africa ,India,India,SuperSport Park,291
South Africa ,India,India,Newlands,292
Afghanistan,Zimbabwe,Afghanistan,Sharjah Cricket Stadium,293
South Africa ,India,South Africa,Wanderers Stadium,294
Afghanistan ,Zimbabwe,Zimbabwe,Sharjah Cricket Stadium,295
Afghanistan ,Zimbabwe,Afghanistan,Sharjah Cricket Stadium,296
South Africa ,India,India,St George's Park,297
Afghanistan ,Zimbabwe,Afghanistan,Sharjah Cricket Stadium,298
South Africa ,India,India,SuperSport Park,299
Afghanistan ,Zimbabwe,Afghanistan,Sharjah Cricket Stadium,300
New Zealand ,England,New Zealand,Seddon Park,301
New Zealand,England,England,Bay Oval,302
New Zealand ,England,England,Sky Stadium,303
Afghanistan ,Scotland,Scotland,Bulawayo Athletic Club,304
New Zealand ,England,New Zealand,University Oval,305
New Zealand ,England,England,Hagley Oval,306
Afghanistan ,West Indies,Afghanistan,Harare Sports Club,307
Afghanistan ,United Arab Emirates,Afghanistan,Old Hararians Sports Club,308
Afghanistan ,Ireland,Afghanistan,Harare Sports Club,309
Afghanistan ,West Indies,Afghanistan,Harare Sports Club,310
Scotland ,England,Scotland,Grange Cricket Club,311
England ,Australia,England,Sophia Gardens,312
England ,Australia,England,Trent Bridge,313
England ,Australia,England,Riverside Ground,314
England ,Australia,England,Old Trafford,315
England ,India,India,Trent Bridge,316
Zimbabwe ,Pakistan,Pakistan,Queens Sports Club,317
England ,India,England,Lord's,318
Zimbabwe ,Pakistan,Pakistan,Queens Sports Club,319
England ,India,England,Headingley,320
Zimbabwe ,Pakistan,Pakistan,Queens Sports Club,321
Zimbabwe ,Pakistan,Pakistan,Queens Sports Club,322
West Indies ,Bangladesh,Bangladesh,Providence Stadium,323
Zimbabwe ,Pakistan,Pakistan,Queens Sports Club,324
West Indies ,Bangladesh,West Indies ,Providence Stadium,325
West Indies ,Bangladesh,Bangladesh,Warner Park,326
Sri Lanka,South Africa,South Africa,Rangiri Dambulla International Stadium,327
Netherlands ,Nepal,Netherlands,VRA Ground,328
Sri Lanka ,South Africa,South Africa,Rangiri Dambulla International Stadium,329
Netherlands,Nepal,Nepal,VRA Ground,330
Sri Lanka ,South Africa,South Africa,Pallekele International Cricket Stadium,331
Sri Lanka ,South Africa,Sri Lanka,Pallekele International Cricket Stadium,332
Sri Lanka,South Africa,Sri Lanka,R Premadasa Stadium,333
Ireland ,Afghanistan,Afghanistan,Civil Service Cricket Club,334
Ireland ,Afghanistan,Ireland,Civil Service Cricket Club,335
Ireland ,Afghanistan,Afghanistan,Civil Service Cricket Club,336
Bangladesh ,Sri Lanka,Bangladesh,Dubai International Cricket Stadium,337
Hong Kong,Pakistan,Pakistan,Dubai International Cricket Stadium,338
Afghanistan ,Sri Lanka,Afghanistan,Sheikh Zayed Stadium,339
Hong Kong ,India,India,Dubai International Cricket Stadium,340
India ,Pakistan,India,Dubai International Cricket Stadium,341
Afghanistan ,Bangladesh,Afghanistan,Sheikh Zayed Stadium,342
Bangladesh ,India,India,Dubai International Cricket Stadium,343
Afghanistan ,Pakistan,Pakistan,Sheikh Zayed Stadium,344
India ,Pakistan,India,Dubai International Cricket Stadium,345
Afghanistan ,Bangladesh,Bangladesh,Sheikh Zayed Stadium,346
Afghanistan ,India,Match Tied,Dubai International Cricket Stadium,347
Bangladesh ,Pakistan,Bangladesh,Sheikh Zayed Stadium,348
Bangladesh ,India,India,Dubai International Cricket Stadium,349
South Africa ,Zimbabwe,South Africa,Diamond Oval,350
South Africa,Zimbabwe,South Africa,Mangaung Oval,351
South Africa,Zimbabwe,South Africa,Boland Park,352
Sri Lanka ,England,No result,Rangiri Dambulla International Stadium,353
Sri Lanka ,England,England,Rangiri Dambulla International Stadium,354
Sri Lanka ,England,England,Pallekele International Cricket Stadium,355
Sri Lanka,England,England,Pallekele International Cricket Stadium,356
Bangladesh ,Zimbabwe,Bangladesh,Shere Bangla National Stadium,357
India ,West Indies,India,Barsapara Cricket Stadium,358
Sri Lanka ,England,Sri Lanka,R Premadasa Stadium,359
Bangladesh,Zimbabwe,Bangladesh,Zahur Ahmed Chowdhury Stadium,360
India ,West Indies,Match Tied,Dr YS Rajasekhara Reddy Cricket Stadium,361
Bangladesh ,Zimbabwe,Bangladesh,Zahur Ahmed Chowdhury Stadium,362
India ,West Indies,West Indies,Maharashtra Cricket Association Stadium,363
India ,West Indies,India,Brabourne Stadium,364
India,West Indies,India,Greenfield International Stadium,365
Australia ,South Africa,South Africa,Perth Stadium,366
Pakistan,New Zealand,New Zealand,Sheikh Zayed Stadium,367
Australia ,South Africa,Australia,Adelaide Oval,368
Pakistan ,New Zealand,Pakistan,Sheikh Zayed Stadium,369
Australia ,South Africa,South Africa,Bellerive Oval,370
Bangladesh ,West Indies,Bangladesh,Shere Bangla National Stadium,371
Bangladesh ,West Indies,West Indies,Shere Bangla National Stadium,372
Bangladesh ,West Indies,Bangladesh,Sylhet Stadium,373
New Zealand,Sri Lanka,New Zealand,Bay Oval,374
New Zealand ,Sri Lanka,New Zealand,Bay Oval,375
New Zealand ,Sri Lanka,New Zealand,Saxton Oval,376
Australia ,India,Australia,Sydney Cricket Ground,377
Australia ,India,India ,Adelaide Oval,378
Australia ,India,India ,Melbourne Cricket Ground,379
South Africa ,Pakistan,Pakistan ,St George's Park,380
South Africa ,Pakistan,South Africa ,Kingsmead,381
New Zealand ,India,India ,McLean Park,382
South Africa,Pakistan,South Africa ,SuperSport Park,383
New Zealand ,India,India ,Bay Oval,384
South Africa ,Pakistan,Pakistan,Wanderers Stadium,385
New Zealand ,India,India ,Bay Oval,386
South Africa ,Pakistan,South Africa ,Newlands,387
New Zealand ,India,New Zealand,Seddon Park,388
New Zealand ,India,India,Sky Stadium,389
New Zealand ,Bangladesh,New Zealand,McLean Park,390
New Zealand,Bangladesh,New Zealand,Hagley Oval,391
West Indies,England,England ,Kensington Oval,392
New Zealand ,Bangladesh,New Zealand,University Oval,393
West Indies ,England,West Indies ,Kensington Oval,394
West Indies,England,No result,National Cricket Stadium (Grenada),395
West Indies ,England,England ,National Cricket Stadium (Grenada),396
Ireland ,Afghanistan,Afghanistan ,Rajiv Gandhi International Cricket Stadium,397
West Indies ,England,West Indies ,Daren Sammy National Cricket Stadium,398
India  ,Australia,India,Rajiv Gandhi International Stadium,399
Ireland ,Afghanistan,No result,Rajiv Gandhi International Cricket Stadium,400
South Africa ,Sri Lanka,South Africa ,Wanderers Stadium,401
India ,Australia,India,Vidarbha Cricket Association Stadium,402
Ireland ,Afghanistan,Ireland ,Rajiv Gandhi International Cricket Stadium,403
South Africa ,Sri Lanka,South Africa ,SuperSport Park,404
India ,Australia,Australia,JSCA International Stadium Complex,405
Ireland ,Afghanistan,Afghanistan ,Rajiv Gandhi International Cricket Stadium,406
South Africa ,Sri Lanka,South Africa ,Kingsmead,407
India ,Australia,Australia,Punjab Cricket Association IS Bindra Stadium,408
Ireland ,Afghanistan,Ireland ,Rajiv Gandhi International Cricket Stadium,409
South Africa ,Sri Lanka,South Africa,St George's Park,410
India ,Australia,Australia,Arun Jaitley Stadium,411
South Africa ,Sri Lanka,South Africa ,Newlands,412
Pakistan ,Australia,Australia,Sharjah Cricket Stadium,413
Pakistan ,Australia,Australia,Sharjah Cricket Stadium,414
Pakistan,Australia,Australia,Sheikh Zayed Stadium,415
Pakistan ,Australia,Australia,Dubai International Cricket Stadium,416
Pakistan ,Australia,Australia,Dubai International Cricket Stadium,417
Ireland ,England,England,The Village,418
Ireland  ,West Indies,West Indies ,Castle Avenue,419
Bangladesh ,West Indies,Bangladesh ,Castle Avenue,420
England ,Pakistan,No result,Kennington Oval,421
Scotland ,Afghanistan,Match abandoned,Grange Cricket Club,422
Ireland ,Bangladesh,Match abandoned,The Village,423
Scotland ,Afghanistan,Afghanistan ,Grange Cricket Club,424
England,Pakistan,England,The Rose Bowl,425
Ireland ,West Indies,West Indies ,The Village,426
Bangladesh ,West Indies,Bangladesh,The Village,427
England,Pakistan,England,County Ground (Bristol),428
Ireland ,Bangladesh,Bangladesh,Castle Avenue,429
England ,Pakistan,England,Trent Bridge,430
Bangladesh ,West Indies,Bangladesh,The Village,431
Scotland , Sri Lanka,Match abandoned,Grange Cricket Club,432
Ireland ,Afghanistan,Ireland,Civil Service Cricket Club,433
England ,Pakistan,England,Headingley,434
Ireland ,Afghanistan,Afghanistan,Civil Service Cricket Club,435
Scotland ,Sri Lanka,Sri Lanka ,Grange Cricket Club,436
England ,South Africa,England,Kennington Oval,437
Pakistan ,West Indies,West Indies ,Trent Bridge,438
New Zealand ,Sri Lanka,New Zealand,Sophia Gardens,439
Afghanistan ,Australia,Australia,County Ground (Bristol),440
Bangladesh ,South Africa,Bangladesh,Kennington Oval,441
England ,Pakistan,Pakistan,Trent Bridge,442
Afghanistan ,Sri Lanka,Sri Lanka,Sophia Gardens,443
India ,South Africa,India,The Rose Bowl,444
Bangladesh ,New Zealand,New Zealand,Kennington Oval,445
Australia ,West Indies,Australia,Trent Bridge,446
Pakistan,Sri Lanka,Match abandoned,County Ground (Bristol),447
England ,Bangladesh,England,Sophia Gardens,448
Afghanistan ,New Zealand,New Zealand,The Cooper Associates County Ground,449
Australia ,India,India,Kennington Oval,450
South Africa ,West Indies,No result,The Rose Bowl,451
Bangladesh ,Sri Lanka,Match abandoned,County Ground (Bristol),452
Australia ,Pakistan,Australia,The Cooper Associates County Ground,453
India ,New Zealand,Match abandoned,Trent Bridge,454
England,West Indies,England,The Rose Bowl,455
Australia ,Sri Lanka,Australia,Kennington Oval,456
Afghanistan ,South Africa,South Africa,Sophia Gardens,457
India ,Pakistan,India,Old Trafford,458
Bangladesh ,West Indies,Bangladesh,The Cooper Associates County Ground,459
England ,Afghanistan,England,Old Trafford,460
Netherlands ,Zimbabwe,Netherlands ,Sportspark Het Schootsveld,461
New Zealand,South Africa,New Zealand,Edgbaston,462
Australia ,Bangladesh,Australia,Trent Bridge,463
Netherlands ,Zimbabwe,Netherlands ,Sportspark Het Schootsveld,464
England ,Sri Lanka,Sri Lanka,Headingley,465
Afghanistan,India,India,The Rose Bowl,466
New Zealand ,West Indies,New Zealand,Old Trafford,467
Pakistan ,South Africa,Pakistan,Lord's,468
Afghanistan ,Bangladesh,Bangladesh,The Rose Bowl,469
England ,Australia,Australia,Lord's,470
New Zealand ,Pakistan,Pakistan,Edgbaston,471
India ,West Indies,India,Old Trafford,472
South Africa ,Sri Lanka,South Africa,Riverside Ground,473
Afghanistan ,Pakistan,Pakistan,Headingley,474
Australia ,New Zealand,Australia,Lord's,475
England,India,England,Edgbaston,476
Sri Lanka ,West Indies,Sri Lanka,Riverside Ground,477
Bangladesh ,India,India,Edgbaston,478
England,New Zealand,England,Riverside Ground,479
Afghanistan ,West Indies,West Indies,Headingley,480
India ,Sri Lanka,India,Headingley,481
Australia,South Africa,South Africa,Old Trafford,482
India ,New Zealand,New Zealand,Old Trafford,483
England ,Australia,England,Edgbaston,484
England,New Zealand,England,Lord's,485
Sri Lanka,Bangladesh,Sri Lanka,R Premadasa Stadium,486
Sri Lanka,Bangladesh,Sri Lanka,R Premadasa Stadium,487
Sri Lanka,Bangladesh,Sri Lanka,R Premadasa Stadium,488
West Indies,India,No result,Providence Stadium,489
West Indies,India,India,Queen's Park Oval,490
West Indies,India,India,Queen's Park Oval,491
Pakistan,Sri Lanka,Match abandoned,National Stadium (Karachi),492
Pakistan,Sri Lanka,Pakistan,National Stadium (Karachi),493
Pakistan,Sri Lanka,Pakistan,National Stadium (Karachi),494
Afghanistan,West Indies,West Indies,Bharat Ratna Shri Atal Bihari Vajpayee Ekana Cricket Stadium,495
Afghanistan,West Indies,West Indies,Bharat Ratna Shri Atal Bihari Vajpayee Ekana Cricket Stadium,496
Afghanistan,West Indies,West Indies,Bharat Ratna Shri Atal Bihari Vajpayee Ekana Cricket Stadium,497
India,West Indies,West Indies,MA Chidambaram Stadium,498
India,West Indies,India,Dr YS Rajasekhara Reddy Cricket Stadium,499
India,West Indies,India,Barabati Stadium,500
India,Australia,India,Saurashtra Cricket Association Stadium,501
India,Australia,India,M Chinnaswamy Stadium,502
South Africa,England,South Africa,Newlands,503
New Zealand,India,New Zealand,Seddon Park,504
South Africa,England,No result,Kingsmead,505
New Zealand,India,New Zealand,Eden Park,506
South Africa,England,England,Wanderers Stadium,507
New Zealand,India,New Zealand,Bay Oval,508
Sri Lanka,West Indies,Sri Lanka,Sinhalese Sports Club Ground,509
Sri Lanka,West Indies,Sri Lanka,Mahinda Rajapaksha International Cricket Stadium,510
South Africa,Australia,South Africa,Boland Park,511
Bangladesh,Zimbabwe,Bangladesh,Sylhet Stadium,512
Sri Lanka,West Indies,Sri Lanka,Pallekele International Cricket Stadium,513
Bangladesh,Zimbabwe,Bangladesh,Sylhet Stadium,514
South Africa,Australia,South Africa,Mangaung Oval,515
Bangladesh,Zimbabwe,Bangladesh,Sylhet Stadium,516
South Africa,Australia,South Africa,Senwes Park,517
India,South Africa,Match abandoned,Himachal Pradesh Cricket Association Stadium,518
Australia,New Zealand,Australia,Sydney Cricket Ground,519
India,South Africa,Match abandoned,Bharat Ratna Shri Atal Bihari Vajpayee Ekana Cricket Stadium,520
India,South Africa,Match abandoned,Eden Gardens,521
England,Ireland,England,The Rose Bowl,522
England,Ireland,England,The Rose Bowl,523
England,Ireland,Ireland,The Rose Bowl,524
England,Australia,Australia,Old Trafford,525
England,Australia,England,Old Trafford,526
England,Australia,Australia,Old Trafford,527
Pakistan,Zimbabwe,Pakistan,Rawalpindi Cricket Stadium,528
Pakistan,Zimbabwe,Pakistan,Rawalpindi Cricket Stadium,529
Australia,India,Australia,Sydney Cricket Ground,530
Australia,India,Australia,Sydney Cricket Ground,531
Australia,India,India,Manuka Oval,532
Bangladesh,West Indies,Bangladesh,Shere Bangla National Stadium,533
Afghanistan,Ireland,Afghanistan,Sheikh Zayed Stadium,534
Bangladesh,West Indies,Bangladesh,Shere Bangla National Stadium,535
Afghanistan,Ireland,Afghanistan,Sheikh Zayed Stadium,536
Afghanistan,Ireland,Afghanistan,Sheikh Zayed Stadium,537
West Indies,Sri Lanka,West Indies,Sir Vivian Richards Stadium,538
West Indies,Sri Lanka,West Indies,Sir Vivian Richards Stadium,539
West Indies,Sri Lanka,West Indies,Sir Vivian Richards Stadium,540
New Zealand,Bangladesh,New Zealand,University Oval,541
India,England,India,Maharashtra Cricket Association Stadium,542
New Zealand,Bangladesh,New Zealand,Hagley Oval,543
India,England,England,Maharashtra Cricket Association Stadium,544
New Zealand,Bangladesh,New Zealand,Basin Reserve,545
India,England,India,Maharashtra Cricket Association Stadium,546
South Africa,Pakistan,Pakistan,SuperSport Park,547
South Africa,Pakistan,South Africa,Wanderers Stadium,548
South Africa,Pakistan,Pakistan,SuperSport Park,549
Netherlands,Scotland,Netherlands,Hazelaarweg,550
Netherlands,Scotland,Scotland,Hazelaarweg,551
Bangladesh,Sri Lanka,Bangladesh,Shere Bangla National Stadium,552
Bangladesh,Sri Lanka,Bangladesh,Shere Bangla National Stadium,553
Bangladesh,Sri Lanka,Sri Lanka,Shere Bangla National Stadium,554
Netherlands,Ireland,Netherlands,Sportspark Maarschalkerweerd,555
Netherlands,Ireland,Ireland,Sportspark Maarschalkerweerd,556
Netherlands,Ireland,Netherlands,Sportspark Maarschalkerweerd,557
England,Sri Lanka,England,Riverside Ground,558
England,Sri Lanka,England,Kennington Oval,559
England,Sri Lanka,No result,County Ground (Bristol),560
England,Pakistan,England,Sophia Gardens,561
England,Pakistan,England,Lord's,562
Ireland,South Africa,No result,The Village,563
Ireland,South Africa,Ireland,The Village,564
England,Pakistan,England,Edgbaston,565
Zimbabwe,Bangladesh,Bangladesh,Harare Sports Club,566
Ireland,South Africa,South Africa,The Village,567
Sri Lanka,India,India,R Premadasa Stadium,568
Zimbabwe,Bangladesh,Bangladesh,Harare Sports Club,569
West Indies,Australia,Australia,Kensington Oval,570
Sri Lanka,India,India,R Premadasa Stadium,571
Zimbabwe,Bangladesh,Bangladesh,Harare Sports Club,572
Sri Lanka,India,Sri Lanka,R Premadasa Stadium,573
West Indies,Australia,West Indies,Kensington Oval,574
West Indies,Australia,Australia,Kensington Oval,575
Sri Lanka,South Africa,Sri Lanka,R Premadasa Stadium,576
Sri Lanka,South Africa,South Africa,R Premadasa Stadium,577
Sri Lanka,South Africa,Sri Lanka,R Premadasa Stadium,578
Pakistan,New Zealand,Match abandoned,Rawalpindi Cricket Stadium,579
South Africa,Netherlands,No result,SuperSport Park,580
Sri Lanka,Zimbabwe,Sri Lanka,Pallekele International Cricket Stadium,581
Sri Lanka,Zimbabwe,Zimbabwe,Pallekele International Cricket Stadium,582
South Africa,India,South Africa,Boland Park,583
Afghanistan,Netherlands,Afghanistan,West End Park International Cricket Stadium,584
South Africa,India,South Africa,Boland Park,585
Sri Lanka,Zimbabwe,Sri Lanka,Pallekele International Cricket Stadium,586
Afghanistan,Netherlands,Afghanistan,West End Park International Cricket Stadium,587
South Africa,India,South Africa,Newlands,588
Afghanistan,Netherlands,Afghanistan,West End Park International Cricket Stadium,589
India,West Indies,India,Narendra Modi Stadium,590
India,West Indies,India,Narendra Modi Stadium,591
India,West Indies,India,Narendra Modi Stadium,592
Bangladesh,Afghanistan,Bangladesh,Zahur Ahmed Chowdhury Stadium,593
Bangladesh,Afghanistan,Bangladesh,Zahur Ahmed Chowdhury Stadium,594
Bangladesh,Afghanistan,Afghanistan,Zahur Ahmed Chowdhury Stadium,595
South Africa,Bangladesh,Bangladesh,SuperSport Park,596
South Africa,Bangladesh,South Africa,Wanderers Stadium,597
South Africa,Bangladesh,Bangladesh,SuperSport Park,598
New Zealand,Netherlands,New Zealand,Bay Oval,599
Pakistan,Australia,Australia,Gaddafi Stadium,600
Pakistan,Australia,Pakistan,Gaddafi Stadium,601
Pakistan,Australia,Pakistan,Gaddafi Stadium,602
New Zealand,Netherlands,New Zealand,Seddon Park,603
New Zealand,Netherlands,New Zealand,Seddon Park,604
Netherlands,West Indies,West Indies,VRA Ground,605
Netherlands,West Indies,West Indies,VRA Ground,606
Zimbabwe,Afghanistan,Afghanistan,Harare Sports Club,607
Zimbabwe,Afghanistan,Afghanistan,Harare Sports Club,608
Pakistan,West Indies,Pakistan,Multan Cricket Stadium,609
Zimbabwe,Afghanistan,Afghanistan,Harare Sports Club,610
Pakistan,West Indies,Pakistan,Multan Cricket Stadium,611
Pakistan,West Indies,Pakistan,Multan Cricket Stadium,612
Sri Lanka,Australia,Australia,Pallekele International Cricket Stadium,613
Sri Lanka,Australia,Sri Lanka,Pallekele International Cricket Stadium,614
Netherlands,England,England,VRA Ground,615
Netherlands,England,England,VRA Ground,616
Sri Lanka,Australia,Sri Lanka,R Premadasa Stadium,617
Sri Lanka,Australia,Sri Lanka,R Premadasa Stadium,618
Netherlands,England,England,VRA Ground,619
Sri Lanka,Australia,Australia,R Premadasa Stadium,620
Ireland,New Zealand,New Zealand,The Village,621
West Indies,Bangladesh,Bangladesh,Providence Stadium,622
England,India,India,Kennington Oval,623
Ireland,New Zealand,New Zealand,The Village,624
West Indies,Bangladesh,Bangladesh,Providence Stadium,625
England,India,England,Lord's,626
Ireland,New Zealand,New Zealand,The Village,627
West Indies,Bangladesh,Bangladesh,Providence Stadium,628
England,India,India,Old Trafford,629
England,South Africa,South Africa,Riverside Ground,630
West Indies,India,India,Queen's Park Oval,631
England,South Africa,England,Old Trafford,632
West Indies,India,India,Queen's Park Oval,633
England,South Africa,No result,Headingley,634
West Indies,India,India,Queen's Park Oval,635
Scotland,New Zealand,New Zealand,Grange Cricket Club,636
Zimbabwe,Bangladesh,Zimbabwe,Harare Sports Club,637
Zimbabwe,Bangladesh,Zimbabwe,Harare Sports Club,638
Zimbabwe,Bangladesh,Bangladesh,Harare Sports Club,639
Netherlands,Pakistan,Pakistan,Hazelaarweg,640
West Indies,New Zealand,West Indies,Kensington Oval,641
Zimbabwe,India,India,Harare Sports Club,642
Netherlands,Pakistan,Pakistan,Hazelaarweg,643
West Indies,New Zealand,New Zealand,Kensington Oval,644
Zimbabwe,India,India,Harare Sports Club,645
Netherlands,Pakistan,Pakistan,Hazelaarweg,646
West Indies,New Zealand,New Zealand,Kensington Oval,647
Zimbabwe,India,India,Harare Sports Club,648
Australia,Zimbabwe,Australia,Riverway Stadium,649
Australia,Zimbabwe,Australia,Riverway Stadium,650
Australia,Zimbabwe,Zimbabwe,Riverway Stadium,651
Australia,New Zealand,Australia,Cazaly's Stadium,652
Australia,New Zealand,Australia,Cazaly's Stadium,653
Australia,New Zealand,Australia,Cazaly's Stadium,654
India,South Africa,South Africa,Bharat Ratna Shri Atal Bihari Vajpayee Ekana Cricket Stadium,655
India,South Africa,India,JSCA International Stadium Complex,656
India,South Africa,India,Arun Jaitley Stadium,657
Australia,England,Australia,Adelaide Oval,658
Australia,England,Australia,Sydney Cricket Ground,659
Australia,England,Australia,Melbourne Cricket Ground,660
New Zealand,India,New Zealand,Eden Park,661
Sri Lanka,Afghanistan,Afghanistan,Pallekele International Cricket Stadium,662
New Zealand,India,No result,Seddon Park,663
Sri Lanka,Afghanistan,No result,Pallekele International Cricket Stadium,664
New Zealand,India,No result,Hagley Oval,665
Sri Lanka,Afghanistan,Sri Lanka,Pallekele International Cricket Stadium,666
Bangladesh,India,Bangladesh,Shere Bangla National Stadium,667
Bangladesh,India,Bangladesh,Shere Bangla National Stadium,668
Bangladesh,India,India,Zahur Ahmed Chowdhury Stadium,669
Pakistan,New Zealand,Pakistan,National Stadium (Karachi),670
India,Sri Lanka,India,Barsapara Cricket Stadium,671
Pakistan,New Zealand,New Zealand,National Stadium (Karachi),672
India,Sri Lanka,India,Eden Gardens,673
India,Sri Lanka,India,Greenfield International Stadium,674
India,New Zealand,India,Rajiv Gandhi International Stadium,675
India,New Zealand,India,Shaheed Veer Narayan Sing International Stadium,676
India,New Zealand,India,Holkar Cricket Stadium,677
South Africa,England,South Africa,Mangaung Oval,678
South Africa,England,South Africa,Mangaung Oval,679
South Africa,England,England,Diamond Oval,680
Bangladesh,England,England,Shere Bangla National Stadium,681
Bangladesh,England,England,Shere Bangla National Stadium,682
Bangladesh,England,Bangladesh,Zahur Ahmed Chowdhury Stadium,683
South Africa,West Indies,Match abandoned,Buffalo Park,684
India,Australia,India,Wankhede Stadium,685
Bangladesh,Ireland,Bangladesh,Sylhet Stadium,686
South Africa,West Indies,West Indies,Buffalo Park,687
India,Australia,Australia,Dr YS Rajasekhara Reddy Cricket Stadium,688
Bangladesh,Ireland,No result,Sylhet Stadium,689
Zimbabwe,Netherlands,Netherlands,Harare Sports Club,690
South Africa,West Indies,South Africa,Senwes Park,691
India,Australia,Australia,MA Chidambaram Stadium,692
Zimbabwe,Netherlands,Zimbabwe,Harare Sports Club,693
Bangladesh,Ireland,Bangladesh,Sylhet Stadium,694
New Zealand,Sri Lanka,New Zealand,Eden Park,695
Zimbabwe,Netherlands,Zimbabwe,Harare Sports Club,696
New Zealand,Sri Lanka,Match abandoned,Hagley Oval,697
South Africa,Netherlands,South Africa,Willowmoore Park,698
New Zealand,Sri Lanka,New Zealand,Seddon Park,699
Pakistan,New Zealand,Pakistan,Rawalpindi Cricket Stadium,700
Pakistan,New Zealand,Pakistan,Rawalpindi Cricket Stadium,701
Pakistan,New Zealand,Pakistan,National Stadium (Karachi),702
Pakistan,New Zealand,Pakistan,National Stadium (Karachi),703
Pakistan,New Zealand,New Zealand,National Stadium (Karachi),704
Ireland,Bangladesh,No result,County Ground (Chelmsford),705
Ireland,Bangladesh,Bangladesh,County Ground (Chelmsford),706
Ireland,Bangladesh,Bangladesh,County Ground (Chelmsford),707
Sri Lanka,Afghanistan,Afghanistan,Mahinda Rajapaksha International Cricket Stadium,708
Sri Lanka,Afghanistan,Sri Lanka,Mahinda Rajapaksha International Cricket Stadium,709
Sri Lanka,Afghanistan,Sri Lanka,Mahinda Rajapaksha International Cricket Stadium,710
Sri Lanka,United Arab Emirates,Sri Lanka,Queens Sports Club,711
Oman,Sri Lanka,Sri Lanka,Queens Sports Club,712
Nepal,Netherlands,Netherlands,Takashinga Sports Club,713
Ireland,Sri Lanka,Sri Lanka,Queens Sports Club,714
Scotland,Sri Lanka,Sri Lanka,Queens Sports Club,715
Netherlands,Sri Lanka,Sri Lanka,Queens Sports Club,716
Netherlands,Oman,Netherlands,Harare Sports Club,717
Bangladesh,Afghanistan,Afghanistan,Zahur Ahmed Chowdhury Stadium,718
Netherlands,Scotland,Netherlands,Queens Sports Club,719
Sri Lanka,West Indies,Sri Lanka,Harare Sports Club,720
Bangladesh,Afghanistan,Afghanistan,Zahur Ahmed Chowdhury Stadium,721
Netherlands,Sri Lanka,Sri Lanka,Harare Sports Club,722
Bangladesh,Afghanistan,Bangladesh,Zahur Ahmed Chowdhury Stadium,723
West Indies,India,India,Bridgetown,724
West Indies,India,West Indies,Bridgetown,725
West Indies,India,India,Tarouba,726
Afghanistan,Pakistan,Pakistan,Hambantota,727
Afghanistan,Pakistan,Pakistan,Hambantota,728
Afghanistan,Pakistan,Pakistan,Colombo (RPS),729
Pakistan,Nepal,Pakistan,Multan,730
Sri Lanka,Bangladesh,Sri Lanka,Pallekele,731
Afghanistan,Bangladesh,Bangladesh,Lahore,732
India,Nepal,India,Pallekele,733
Afghanistan,Sri Lanka,Sri Lanka,Lahore,734
Pakistan,Bangladesh,Pakistan,Lahore,735
South Africa,Australia,Australia,Bloemfontein,736
England,New Zealand,New Zealand,Cardiff,737
Sri Lanka,Bangladesh,Sri Lanka,Colombo (RPS),738
South Africa,Australia,Australia,Bloemfontein,739
India,Pakistan,India,Colombo (RPS),740
England,New Zealand,England,Southampton,741
Sri Lanka,India,India,Colombo (RPS),742
South Africa,Australia,South Africa,Potchefstroom,743
England,New Zealand,England,The Oval,744
Sri Lanka,Pakistan,Sri Lanka,Colombo (RPS),745
Bangladesh,India,India,Colombo (RPS),746
South Africa,Australia,South Africa,Centurion,747
England,New Zealand,England,Lord's,748
South Africa,Australia,South Africa,Johannesburg,749
Sri Lanka,India,India,Colombo (RPS),750
India,Australia,India,Mohali,751
Bangladesh,New Zealand,New Zealand,Mirpur,752
England,Ireland,England,Nottingham,753
India,Australia,India,Indore,754
Bangladesh,New Zealand,New Zealand,Mirpur,755
India,Australia,Australia,Rajkot,756
England,New Zealand,New Zealand,Ahmedabad,757
Netherlands,Pakistan,Pakistan,Hyderabad,758
Afghanistan,Bangladesh,Bangladesh,Dharamsala,759
South Africa,Sri Lanka,South Africa,Delhi,760
India,Australia,India,Chennai,761
Netherlands,New Zealand,New Zealand,Hyderabad,762
Bangladesh,England,England,Dharamsala,763
Pakistan,Sri Lanka,Pakistan,Hyderabad,764
India,Afghanistan,India,Delhi,765
Australia,South Africa,South Africa,Lucknow,766
Bangladesh,New Zealand,New Zealand,Chennai,767
India,Pakistan,India,Ahmedabad,768
Afghanistan,England,Afghanistan,Delhi,769
Australia,Sri Lanka,Australia,Lucknow,770
Netherlands,South Africa,Netherlands,Dharamsala,771
Afghanistan,New Zealand,New Zealand,Chennai,772
India,Bangladesh,India,Pune,773
Australia,Pakistan,Australia,Bengaluru,774
Netherlands,Sri Lanka,Sri Lanka,Lucknow,775
England,South Africa,South Africa,Wankhede,776
India,New Zealand,India,Dharamsala,777
Afghanistan,Pakistan,Afghanistan,Chennai,778
Bangladesh,South Africa,South Africa,Wankhede,779
Australia,Netherlands,Australia,Delhi,780
England,Sri Lanka,Sri Lanka,Bengaluru,781
Pakistan,South Africa,South Africa,Chennai,782
Australia,New Zealand,Australia,Dharamsala,783
Bangladesh,Netherlands,Netherlands,Eden Gardens,784
India,England,India,Lucknow,785
Afghanistan,Sri Lanka,Afghanistan,Pune,786
Bangladesh,Pakistan,Pakistan,Eden Gardens,787
New Zealand,South Africa,South Africa,Pune,788
India,Sri Lanka,India,Wankhede,789
Afghanistan,Netherlands,Afghanistan,Lucknow,790
New Zealand,Pakistan,Pakistan,Bengaluru,791
Australia,England,Australia,Ahmedabad,792
India,South Africa,India,Eden Gardens,793
Bangladesh,Sri Lanka,Bangladesh,Delhi,794
Afghanistan,Australia,Australia,Wankhede,795
England,Netherlands,England,Pune,796
New Zealand,Sri Lanka,New Zealand,Bengaluru,797
Afghanistan,South Africa,South Africa,Ahmedabad,798
Australia,Bangladesh,Australia,Pune,799
England,Pakistan,England,Eden Gardens,800
India,Netherlands,India,Bengaluru,801
